"0","prob_hold <- predict(chd, holdout, type=""prob"")"
"0","prob_hold[1:10]"
"1"," [1]"
"1"," 0.30102041"
"1"," 0.08439898"
"1"," 0.30102041"
"1"," 0.04009164"
"1"," 0.30102041"
"1"," 0.30102041"
"1"," 0.30102041"
"1"," 0.08439898"
"1"," 0.08439898"
"1","
"
"1","[10]"
"1"," 0.30102041"
"1","
"
